{
  "features": [
    "avg_ht",
    "std_ht",
    "avg_ft",
    "std_ft",
    "avg_keys_per_session",
    "age"
  ],
  "training_auc": 1.0,
  "n_users": 1000,
  "feature_stats": {
    "avg_ht": {
      "count": 1000.0,
      "mean": 136.803099680421,
      "std": 41.61866765556245,
      "min": 97.65951923076923,
      "25%": 106.47694837526205,
      "50%": 110.55687312312313,
      "75%": 178.761485260771,
      "max": 239.72641509433961
    },
    "std_ht": {
      "count": 1000.0,
      "mean": 27.869760905413568,
      "std": 5.149801483974908,
      "min": 20.865321589011515,
      "25%": 24.803407273110658,
      "50%": 26.382496483007706,
      "75%": 28.582427723192925,
      "max": 48.61633198217336
    },
    "avg_ft": {
      "count": 1000.0,
      "mean": 906.8804449445,
      "std": 410.48221128931823,
      "min": 553.6182291666667,
      "25%": 609.0389224693746,
      "50%": 633.2115169340464,
      "75%": 1310.5590199115045,
      "max": 1922.7190566037737
    },
    "std_ft": {
      "count": 1000.0,
      "mean": 182.91163881426093,
      "std": 61.90450874811792,
      "min": 109.68791858544483,
      "25%": 136.7391857939331,
      "50%": 148.30810085596158,
      "75%": 242.74180846241677,
      "max": 347.5405567104014
    },
    "avg_keys_per_session": {
      "count": 1000.0,
      "mean": 149.56008873760737,
      "std": 4.716126800411143,
      "min": 134.08928571428572,
      "25%": 146.57087998519478,
      "50%": 149.47549019607843,
      "75%": 152.61530172413794,
      "max": 166.48076923076923
    },
    "age": {
      "count": 1000.0,
      "mean": 66.673,
      "std": 4.328603447742448,
      "min": 60.0,
      "25%": 63.0,
      "50%": 67.0,
      "75%": 70.0,
      "max": 75.0
    }
  },
  "group_counts": {
    "HC": 584,
    "MCI": 222,
    "SCD": 100,
    "AD": 94
  },
  "per_group_means": {
    "avg_ht": {
      "AD": 225.5196837555341,
      "HC": 106.89575121843784,
      "MCI": 181.58557474535908,
      "SCD": 128.65133102363367
    },
    "std_ht": {
      "AD": 41.84512449890263,
      "HC": 25.448915165037178,
      "MCI": 27.010127616957373,
      "SCD": 30.779044151704717
    },
    "avg_ft": {
      "AD": 1812.5797922355646,
      "HC": 612.4406396674528,
      "MCI": 1327.7090477771017,
      "SCD": 840.8120230204788
    },
    "std_ft": {
      "AD": 305.1938258659846,
      "HC": 138.34140720951328,
      "MCI": 252.6416032061483,
      "SCD": 173.456014607377
    },
    "avg_keys_per_session": {
      "AD": 149.81553259503207,
      "HC": 149.77100792038215,
      "MCI": 149.58354426456452,
      "SCD": 148.0361322143787
    },
    "age": {
      "AD": 65.75531914893617,
      "HC": 66.79794520547945,
      "MCI": 66.40090090090091,
      "SCD": 67.41
    }
  },
  "insurance_summary": {
    "AD": {
      "base_5yr": 1.0,
      "adjusted_5yr": 1.0,
      "delay_months": 0.0,
      "avg_premium": 85000.0
    },
    "HC": {
      "base_5yr": 0.05,
      "adjusted_5yr": 0.05,
      "delay_months": 0.0,
      "avg_premium": 50000.0
    },
    "MCI": {
      "base_5yr": 0.45,
      "adjusted_5yr": 0.45,
      "delay_months": 0.0,
      "avg_premium": 85000.0
    },
    "SCD": {
      "base_5yr": 0.15,
      "adjusted_5yr": 0.1329,
      "delay_months": 6.84,
      "avg_premium": 55700.0
    }
  }
}